{
	"class_name" : "PinholeCameraParameters",
	"extrinsic" : 
	[
		-0.20079624706786592,
		0.4934945392973743,
		-0.84625292132265806,
		0.0,
		-0.10379327222178983,
		-0.86970173576646204,
		-0.4825410318784264,
		0.0,
		-0.97411899879067865,
		-0.0090570684261159218,
		0.22585425766757347,
		0.0,
		0.048318197546540986,
		1.0687985400930748,
		9.83688491418674,
		1.0
	],
	"intrinsic" : 
	{
		"height" : 1016,
		"intrinsic_matrix" : 
		[
			879.88181024498977,
			0.0,
			0.0,
			0.0,
			879.88181024498977,
			0.0,
			923.5,
			507.5,
			1.0
		],
		"width" : 1848
	},
	"version_major" : 1,
	"version_minor" : 0
}