{
	"class_name" : "PinholeCameraParameters",
	"extrinsic" : 
	[
		-0.51895254491321452,
		-0.67774193340153543,
		0.52091662273078498,
		0.0,
		0.55319854690052839,
		-0.73085723626958388,
		-0.39977377089990501,
		0.0,
		0.65165913162883116,
		0.080706702952942924,
		0.75420607546162299,
		0.0,
		-0.65808709951128641,
		0.93786412117628382,
		10.69942044455548,
		1.0
	],
	"intrinsic" : 
	{
		"height" : 1016,
		"intrinsic_matrix" : 
		[
			879.88181024498977,
			0.0,
			0.0,
			0.0,
			879.88181024498977,
			0.0,
			923.5,
			507.5,
			1.0
		],
		"width" : 1848
	},
	"version_major" : 1,
	"version_minor" : 0
}