{
	"class_name" : "PinholeCameraParameters",
	"extrinsic" : 
	[
		-0.57616796875138709,
		0.57848873123094868,
		-0.5773917730828072,
		0.0,
		-0.35035768664374622,
		-0.81304733196919177,
		-0.46497691059602247,
		0.0,
		-0.73843074366831662,
		-0.065611156189982409,
		0.6711298033829749,
		0.0,
		0.38800103008743569,
		1.0370553207641899,
		8.4193872010291191,
		1.0
	],
	"intrinsic" : 
	{
		"height" : 1016,
		"intrinsic_matrix" : 
		[
			879.88181024498977,
			0.0,
			0.0,
			0.0,
			879.88181024498977,
			0.0,
			923.5,
			507.5,
			1.0
		],
		"width" : 1848
	},
	"version_major" : 1,
	"version_minor" : 0
}