{
	"class_name" : "PinholeCameraParameters",
	"extrinsic" : 
	[
		-0.5035055133356664,
		0.64829448302157822,
		-0.57113611453345503,
		0.0,
		-0.16294312387444304,
		-0.72043239617415411,
		-0.6741117866680606,
		0.0,
		-0.84848791177165572,
		-0.24635629853233224,
		0.46837681171341461,
		0.0,
		0.19035391523995537,
		0.88197549492175309,
		8.6900891254215082,
		1.0
	],
	"intrinsic" : 
	{
		"height" : 1016,
		"intrinsic_matrix" : 
		[
			879.88181024498977,
			0.0,
			0.0,
			0.0,
			879.88181024498977,
			0.0,
			923.5,
			507.5,
			1.0
		],
		"width" : 1848
	},
	"version_major" : 1,
	"version_minor" : 0
}