{
	"class_name" : "PinholeCameraParameters",
	"extrinsic" : 
	[
		-0.43785014455361931,
		0.74909707599934983,
		-0.49713259965888296,
		0.0,
		-0.037251672696299275,
		-0.56759584583187173,
		-0.82246414431009096,
		0.0,
		-0.89827588401097713,
		-0.34159702358718902,
		0.27642704223840148,
		0.0,
		-0.026720294432205804,
		0.69945082745518439,
		8.8450315835668025,
		1.0
	],
	"intrinsic" : 
	{
		"height" : 1016,
		"intrinsic_matrix" : 
		[
			879.88181024498977,
			0.0,
			0.0,
			0.0,
			879.88181024498977,
			0.0,
			923.5,
			507.5,
			1.0
		],
		"width" : 1848
	},
	"version_major" : 1,
	"version_minor" : 0
}