{
	"class_name" : "PinholeCameraParameters",
	"extrinsic" : 
	[
		-0.11074050494284524,
		0.71303520982376234,
		-0.69232747317767696,
		0.0,
		-0.037202021128894744,
		-0.69909789165493352,
		-0.71405752394856281,
		0.0,
		-0.99315283324820114,
		-0.053319109475031393,
		0.10394480446785531,
		0.0,
		0.016885746287944148,
		0.86630925932868852,
		12.879310168097398,
		1.0
	],
	"intrinsic" : 
	{
		"height" : 1016,
		"intrinsic_matrix" : 
		[
			879.88181024498977,
			0.0,
			0.0,
			0.0,
			879.88181024498977,
			0.0,
			923.5,
			507.5,
			1.0
		],
		"width" : 1848
	},
	"version_major" : 1,
	"version_minor" : 0
}