{
	"class_name" : "PinholeCameraParameters",
	"extrinsic" : 
	[
		-0.68379738895407827,
		0.24622375625427645,
		-0.68687334546888612,
		0.0,
		0.086749173497015164,
		-0.90723648518101674,
		-0.41157811027067476,
		0.0,
		-0.72449686801060076,
		-0.34102173217029674,
		0.59900623238026562,
		0.0,
		-0.17130547992211786,
		1.1349884664522309,
		8.3449383750536352,
		1.0
	],
	"intrinsic" : 
	{
		"height" : 1016,
		"intrinsic_matrix" : 
		[
			879.88181024498977,
			0.0,
			0.0,
			0.0,
			879.88181024498977,
			0.0,
			923.5,
			507.5,
			1.0
		],
		"width" : 1848
	},
	"version_major" : 1,
	"version_minor" : 0
}