{
	"class_name" : "PinholeCameraParameters",
	"extrinsic" : 
	[
		0.89161666339557133,
		-0.013348252096119142,
		0.45259424402142706,
		0.0,
		0.23417763857170154,
		-0.84190628044932869,
		-0.48616319125676105,
		0.0,
		0.3875313653736045,
		0.53945865375017843,
		-0.74753180651107753,
		0.0,
		-0.29986255603254985,
		1.0687066391494482,
		10.101681871158872,
		1.0
	],
	"intrinsic" : 
	{
		"height" : 1016,
		"intrinsic_matrix" : 
		[
			879.88181024498977,
			0.0,
			0.0,
			0.0,
			879.88181024498977,
			0.0,
			923.5,
			507.5,
			1.0
		],
		"width" : 1848
	},
	"version_major" : 1,
	"version_minor" : 0
}